Ticker,銘柄名,Magic_Score,Mix_Coeff,ROE,PER,PBR
2220.T,亀田製菓,5.0,2.55,31.04,3.08,0.83
3280.T,エストラスト,8.0,1.92,24.53,3.02,0.63
2700.T,木徳神糧,10.0,4.76,33.96,4.56,1.04
1848.T,富士ピー・エス,10.0,3.65,24.77,4.05,0.9
3192.T,白鳩,13.0,2.85,20.58,3.7,0.77
2418.T,ツカダ・グローバルホールディング,18.0,3.41,19.54,4.3,0.79
3608.T,ＴＳＩホールディングス,21.0,2.88,19.28,4.45,0.65
2981.T,ランディックス,24.0,8.77,24.79,6.29,1.39
2991.T,ランドネット,28.0,8.35,23.72,6.35,1.31
2708.T,久世,32.0,7.52,19.97,6.36,1.18
3004.T,神栄,33.0,5.45,18.32,5.55,0.98
3020.T,アプライド,34.0,5.04,18.04,5.48,0.92
2993.T,長栄,37.0,4.88,17.25,5.49,0.89
3452.T,ビーロット,37.0,9.04,18.58,6.29,1.44
1798.T,守谷商会,37.0,4.29,16.91,5.24,0.82
3143.T,オーウイル,40.0,7.32,18.77,6.45,1.13
1662.T,石油資源開発,46.0,5.15,15.95,5.67,0.91
2112.T,塩水港精糖,48.0,4.77,15.94,5.77,0.83
3640.T,電算,48.0,11.44,29.73,7.82,1.46
1518.T,三井松島ホールディングス,49.0,7.53,19.05,7.11,1.06
2432.T,ディー・エヌ・エー,50.0,6.71,17.24,6.46,1.04
2429.T,ワールドホールディングス,53.0,6.13,16.64,6.51,0.94
3495.T,香陵住販,54.0,7.79,17.72,6.95,1.12
2286.T,林兼産業,56.0,2.09,13.27,4.14,0.5
2763.T,エフティグループ,58.0,8.51,18.06,7.17,1.19
2415.T,ヒューマンホールディングス,66.0,7.7,16.06,7.12,1.08
2924.T,イフジ産業,67.0,11.47,18.71,8.08,1.42
3076.T,あい　ホールディングス,68.0,8.54,14.17,6.61,1.29
3241.T,ウィル,69.0,10.24,18.1,8.04,1.27
3465.T,ケイアイスター不動産,70.0,12.3,18.97,8.34,1.48
3177.T,ありがとうサービス,72.0,8.26,16.32,7.73,1.07
3416.T,ピクスタ,73.0,6.84,12.21,4.93,1.39
1780.T,ヤマウラ,82.0,9.05,15.21,7.98,1.13
3277.T,サンセイランディック,82.0,4.66,12.13,5.88,0.79
3538.T,ウイルプラスホールディングス,83.0,5.91,12.81,6.71,0.88
3321.T,ミタチ産業,84.0,7.85,14.07,7.71,1.02
3441.T,山王,89.0,5.27,12.74,7.09,0.74
3139.T,ラクト・ジャパン,93.0,9.15,14.38,8.33,1.1
2533.T,オエノンホールディングス,94.0,8.74,14.04,8.2,1.07
2813.T,和弘食品,97.0,6.66,12.67,7.54,0.88
2789.T,カルラ,102.0,10.95,14.21,8.69,1.26
2602.T,日清オイリオグループ,102.0,6.75,12.35,7.63,0.88
3242.T,アーバネットコーポレーション,103.0,11.01,21.82,10.15,1.08
1964.T,中外炉工業,115.0,11.25,15.66,9.64,1.17
3526.T,芦森工業,118.0,8.95,13.79,8.98,1.0
2982.T,ＡＤワークスグループ,118.0,10.24,14.84,9.5,1.08
3375.T,ＺＯＡ,118.0,5.49,11.35,7.1,0.77
1850.T,南海辰村建設,120.0,6.19,11.44,7.42,0.83
1911.T,住友林業,120.0,10.11,13.88,9.14,1.11
1870.T,矢作建設工業,122.0,13.58,14.98,9.76,1.39
3184.T,ＩＣＤＡホールディングス,123.0,6.74,11.54,7.82,0.86
3054.T,ハイパー,124.0,8.52,14.01,9.5,0.9
3457.T,Ａｎｄ　Ｄｏホールディングス,129.0,11.53,12.99,9.26,1.25
2498.T,オリエンタルコンサルタンツホールディングス,130.0,13.6,14.44,10.05,1.35
2337.T,いちご,130.0,14.41,13.94,9.65,1.49
1301.T,極洋,134.0,7.47,11.92,8.76,0.85
3034.T,クオールホールディングス,139.0,15.96,16.29,10.75,1.48
3089.T,テクノアルファ,142.0,11.39,19.31,11.77,0.97
3294.T,イーグランド,143.0,11.03,13.96,10.27,1.07
3494.T,マリオン,145.0,3.91,10.09,6.4,0.61
1430.T,ファーストコーポレーション,145.0,13.13,13.27,10.13,1.3
2060.T,フィード・ワン,147.0,6.12,11.07,8.37,0.73
2179.T,成学社,148.0,11.41,12.43,9.81,1.16
3289.T,東急不動産ホールディングス,148.0,12.22,12.55,9.94,1.23
1879.T,新日本建設,148.0,8.28,11.33,8.74,0.95
2483.T,翻訳センター,154.0,8.28,11.19,8.78,0.94
3477.T,フォーライフ,156.0,7.4,10.78,8.44,0.88
3583.T,オーベクス,156.0,3.06,9.39,5.81,0.53
1724.T,シンクレイヤ,161.0,3.71,9.69,6.84,0.54
2737.T,トーメンデバイス,161.0,15.46,15.47,11.67,1.33
2329.T,東北新社,164.0,9.61,11.28,9.35,1.03
2742.T,ハローズ,166.0,14.15,13.11,10.89,1.3
3607.T,クラウディアホールディングス,168.0,6.76,11.67,10.1,0.67
3157.T,ジオリーブグループ,169.0,7.53,10.46,8.64,0.87
220A.T,Ｆａｂｅｒ　Ｃｏｍｐａｎｙ,175.0,12.06,11.72,10.42,1.16
3355.T,クリヤマホールディングス,176.0,5.92,9.95,8.22,0.72
2689.T,オルバヘルスケアホールディングス,177.0,9.03,10.42,8.76,1.03
3374.T,内外テック,178.0,5.52,9.57,7.72,0.72
3648.T,ＡＧＳ,178.0,17.9,14.01,11.97,1.5
3417.T,大木ヘルスケアホールディングス,179.0,4.34,9.1,7.04,0.62
3151.T,バイタルケーエスケー・ホールディングス,180.0,4.37,9.06,6.94,0.63
2927.T,ＡＦＣ－ＨＤアムスライフサイエンス,180.0,7.09,10.16,8.65,0.82
288A.T,ラクサス・テクノロジーズ,181.0,21.7,67.93,18.88,1.15
1828.T,田辺工業,182.0,11.99,11.49,10.42,1.15
1976.T,明星工業,183.0,13.0,12.07,11.18,1.16
3024.T,クリエイト,185.0,8.27,10.38,9.14,0.91
2411.T,ゲンダイエージェンシー,185.0,15.31,11.95,11.04,1.39
1333.T,マルハニチロ,186.0,8.94,10.71,9.72,0.92
3443.T,川田テクノロジーズ,188.0,8.38,10.34,9.14,0.92
1967.T,ヤマト,188.0,15.51,12.53,11.77,1.32
2768.T,双日,189.0,12.52,11.42,10.58,1.18
2999.T,ホームポジション,190.0,8.8,11.91,11.27,0.78
1766.T,東建コーポレーション,191.0,17.68,12.83,12.01,1.47
1925.T,大和ハウス工業,192.0,13.45,11.48,10.83,1.24
3317.T,フライングガーデン,194.0,17.42,12.29,11.92,1.46
3320.T,クロスプラス,195.0,3.86,8.73,7.31,0.53
2120.T,ＬＩＦＵＬＬ,195.0,7.58,9.85,8.9,0.85
2479.T,ジェイテック,196.0,14.08,10.72,10.25,1.37
2425.T,ケアサービス,198.0,12.39,11.74,11.6,1.07
2428.T,ウェルネット,199.0,16.71,11.86,11.75,1.42
2780.T,コメ兵ホールディングス,200.0,12.2,10.99,10.62,1.15
2750.T,石光商事,201.0,7.49,9.84,9.15,0.82
1379.T,ホクト,201.0,11.97,11.42,11.26,1.06
2153.T,Ｅ・Ｊホールディングス,202.0,7.92,9.32,8.67,0.91
2804.T,ブルドックソース,203.0,9.26,10.39,9.81,0.94
2114.T,フジ日本,204.0,16.45,12.03,12.01,1.37
3431.T,宮地エンジニアリンググループ,208.0,15.17,11.68,11.97,1.27
2475.T,ＷＤＢホールディングス,210.0,10.06,10.48,10.38,0.97
3134.T,Ｈａｍｅｅ,215.0,5.6,8.5,8.25,0.68
1605.T,ＩＮＰＥＸ,216.0,8.62,9.54,9.48,0.91
3232.T,三重交通グループホールディングス,218.0,7.62,9.27,9.24,0.82
2349.T,エヌアイデイ,219.0,13.11,10.8,11.31,1.16
1514.T,住石ホールディングス,219.0,19.58,11.98,13.12,1.49
2209.T,井村屋グループ,219.0,16.99,11.5,12.42,1.37
3011.T,バナーズ,220.0,8.62,9.54,9.66,0.89
1928.T,積水ハウス,222.0,13.31,10.77,11.31,1.18
3148.T,クリエイトＳＤホールディングス,222.0,17.99,11.66,12.67,1.42
3181.T,買取王国,224.0,9.95,9.93,10.28,0.97
3023.T,ラサ商事,226.0,10.78,10.12,10.56,1.02
1960.T,サンテック,226.0,6.48,8.63,8.88,0.73
1768.T,ソネック,226.0,13.1,10.67,11.35,1.15
2121.T,ＭＩＸＩ,227.0,10.33,10.03,10.52,0.98
3159.T,丸善ＣＨＩホールディングス,228.0,4.65,8.03,8.0,0.58
2449.T,プラップジャパン,229.0,9.77,9.74,10.36,0.94
1867.T,植木組,231.0,5.57,8.16,8.41,0.66
1946.T,トーエネック,231.0,17.17,11.15,12.46,1.38
2185.T,シイエム・シイ,232.0,11.64,10.26,10.87,1.07
3284.T,フージャースホールディングス,233.0,12.19,9.68,10.37,1.18
3445.T,ＲＳ　Ｔｅｃｈｎｏｌｏｇｉｅｓ,234.0,15.6,10.31,11.04,1.41
2736.T,フェスタリアホールディングス,234.0,17.75,11.32,12.86,1.38
3388.T,明治電機工業,239.0,7.74,8.54,9.47,0.82
2961.T,日本調理機,240.0,6.88,8.28,9.24,0.74
3359.T,ｃｏｔｔａ,242.0,14.03,10.53,12.0,1.17
1835.T,東鉄工業,245.0,17.18,10.88,12.86,1.34
2722.T,ＩＫホールディングス,247.0,14.49,10.45,12.0,1.21
3569.T,セーレン,251.0,16.05,10.5,12.51,1.28
1898.T,世紀東急工業,252.0,20.43,10.94,13.79,1.48
2894.T,石井食品,257.0,20.14,10.91,14.15,1.42
3176.T,三洋貿易,257.0,10.63,9.31,10.9,0.98
2485.T,ティア,258.0,18.48,10.62,13.36,1.38
3447.T,信和,258.0,8.1,8.28,10.04,0.81
2332.T,クエスト,258.0,18.18,10.58,13.31,1.37
1381.T,アクシーズ,260.0,12.05,10.37,12.53,0.96
1332.T,ニッスイ,262.0,22.14,11.08,15.11,1.47
3297.T,東武住販,264.0,7.53,8.09,9.78,0.77
2335.T,キューブシステム,264.0,20.28,10.65,13.97,1.45
1788.T,三東工業社,274.0,14.77,10.55,14.93,0.99
1810.T,松井建設,275.0,8.64,8.23,10.6,0.82
1820.T,西松建設,276.0,17.21,9.95,12.99,1.32
1720.T,東急建設,277.0,26.86,10.89,20.41,1.32
2733.T,あらた,278.0,9.16,8.22,10.72,0.85
3035.T,ケイティケイ,282.0,8.51,8.18,10.82,0.79
3106.T,倉敷紡績,284.0,16.84,9.78,13.38,1.26
3636.T,三菱総合研究所,285.0,13.17,9.16,12.18,1.08
2791.T,大黒天物産,285.0,14.78,9.48,12.76,1.16
1716.T,第一カッター興業,287.0,9.67,8.76,11.88,0.81
256A.T,飛島ホールディングス,293.0,11.67,9.08,12.65,0.92
3266.T,ファンドクリエーショングループ,295.0,21.88,10.44,21.11,1.04
1888.T,若築建設,296.0,16.87,9.37,13.58,1.24
1938.T,日本リーテック,300.0,10.58,8.14,11.59,0.91
2373.T,ケア２１,302.0,19.84,9.7,15.1,1.31
3261.T,グランディーズ,303.0,9.84,8.42,12.26,0.8
2351.T,ＡＳＪ,303.0,9.81,8.0,11.3,0.87
1438.T,岐阜造園,304.0,20.87,9.65,15.04,1.39
2805.T,ヱスビー食品,307.0,16.38,9.17,14.13,1.16
3096.T,オーシャンシステム,311.0,19.85,9.26,14.91,1.33
1860.T,戸田建設,313.0,15.99,8.84,13.67,1.17
1950.T,日本電設工業,318.0,17.12,9.07,14.99,1.14
2208.T,ブルボン,320.0,14.91,8.57,13.89,1.07
2169.T,ＣＤＳ,321.0,19.43,8.38,13.66,1.42
1663.T,Ｋ＆Ｏエナジーグループ,323.0,16.04,8.64,14.42,1.11
1934.T,ユアテック,327.0,19.9,9.03,15.72,1.27
2933.T,紀文食品,327.0,20.73,8.95,15.69,1.32
1904.T,大成温調,328.0,13.18,8.06,12.9,1.02
1813.T,不動テトラ,330.0,22.32,8.92,16.03,1.39
3252.T,地主,338.0,32.08,8.9,21.52,1.49
2918.T,わらべや日洋ホールディングス,338.0,15.68,8.29,15.45,1.01
3199.T,綿半ホールディングス,343.0,16.05,8.03,14.34,1.12
25935.T,伊藤園第１種優先株式,347.0,17.05,8.0,14.88,1.15
2587.T,サントリー食品インターナショナル,349.0,21.94,8.19,17.66,1.24
1968.T,太平電業,350.0,19.07,8.14,15.64,1.22
2815.T,アリアケジャパン,350.5,24.05,8.17,17.42,1.38
1939.T,四電工,352.5,23.72,8.17,17.71,1.34
